domain_name,instance_id,difficulty_label,instance_source,algorithm_name,success,memory_limit_reached,node_limit_reached,stack_exhausted,runtime_seconds,peak_memory_mb,nodes_expanded,nodes_generated,solution_cost,solution_depth,known_optimal_depth,optimality_gap_vs_astar,optimality_gap_vs_known_optimal
n_puzzle,amit1_d21,amit_depth_21,amit,astar,True,False,False,False,0.003777630627155304,18.703125,102,201,21.0,21.0,21.0,0.0,0.0
n_puzzle,amit1_d21,amit_depth_21,amit,ilbfs,True,False,False,False,0.04835386574268341,18.8671875,393,841,21.0,21.0,21.0,0.0,0.0
n_puzzle,amit1_d21,amit_depth_21,amit,rbfs,True,False,False,False,0.007212161086499691,18.9453125,179,349,21.0,21.0,21.0,0.0,0.0
n_puzzle,amit2_d22,amit_depth_22,amit,astar,True,False,False,False,0.013536287471652031,19.359375,338,705,22.0,22.0,22.0,0.0,0.0
n_puzzle,amit2_d22,amit_depth_22,amit,ilbfs,True,False,False,False,0.0799077469855547,19.58203125,1094,2308,22.0,22.0,22.0,0.0,0.0
n_puzzle,amit2_d22,amit_depth_22,amit,rbfs,True,False,False,False,0.020810803398489952,19.76953125,482,993,22.0,22.0,22.0,0.0,0.0
n_puzzle,amit3_d23,amit_depth_23,amit,astar,True,False,False,False,0.03560594283044338,20.6171875,930,1914,23.0,23.0,23.0,0.0,0.0
n_puzzle,amit3_d23,amit_depth_23,amit,ilbfs,True,False,False,False,5.318603616207838,20.84375,63564,136277,23.0,23.0,23.0,0.0,0.0
n_puzzle,amit3_d23,amit_depth_23,amit,rbfs,True,False,False,False,0.04863844532519579,21.59375,1084,2192,23.0,23.0,23.0,0.0,0.0
n_puzzle,amit4_d24,amit_depth_24,amit,astar,True,False,False,False,0.11760478653013706,24.2109375,2197,4460,24.0,24.0,24.0,0.0,0.0
n_puzzle,amit4_d24,amit_depth_24,amit,ilbfs,True,False,False,False,0.2672603987157345,23.83984375,3390,7272,24.0,24.0,24.0,0.0,0.0
n_puzzle,amit4_d24,amit_depth_24,amit,rbfs,True,False,False,False,0.05632815323770046,24.0703125,1331,2678,24.0,24.0,24.0,0.0,0.0
n_puzzle,amit5_d25,amit_depth_25,amit,astar,True,False,False,False,0.010600640438497066,24.125,299,628,25.0,25.0,25.0,0.0,0.0
n_puzzle,amit5_d25,amit_depth_25,amit,ilbfs,True,False,False,False,0.17085251864045858,24.14453125,2191,4659,25.0,25.0,25.0,0.0,0.0
n_puzzle,amit5_d25,amit_depth_25,amit,rbfs,True,False,False,False,0.043341572396457195,24.29296875,964,1973,25.0,25.0,25.0,0.0,0.0
n_puzzle,amit6_d26,amit_depth_26,amit,astar,True,False,False,False,0.0025732098147273064,24.29296875,90,183,26.0,26.0,26.0,0.0,0.0
n_puzzle,amit6_d26,amit_depth_26,amit,ilbfs,True,False,False,False,0.009882439859211445,24.29296875,164,341,26.0,26.0,26.0,0.0,0.0
n_puzzle,amit6_d26,amit_depth_26,amit,rbfs,True,False,False,False,0.0045243240892887115,24.29296875,122,245,26.0,26.0,26.0,0.0,0.0
n_puzzle,amit7_d27,amit_depth_27,amit,astar,True,False,False,False,0.016507623717188835,24.30078125,481,950,27.0,27.0,27.0,0.0,0.0
n_puzzle,amit7_d27,amit_depth_27,amit,ilbfs,True,False,False,False,0.11894087865948677,24.30078125,1569,3274,27.0,27.0,27.0,0.0,0.0
n_puzzle,amit7_d27,amit_depth_27,amit,rbfs,True,False,False,False,0.04592128191143274,24.5390625,1083,2150,27.0,27.0,27.0,0.0,0.0
n_puzzle,amit8_d28,amit_depth_28,amit,astar,True,False,False,False,0.12869931664317846,28.359375,3352,6799,28.0,28.0,28.0,0.0,0.0
n_puzzle,amit8_d28,amit_depth_28,amit,ilbfs,True,False,False,False,15.823130935430527,28.453125,182461,377886,28.0,28.0,28.0,0.0,0.0
n_puzzle,amit8_d28,amit_depth_28,amit,rbfs,True,False,False,False,0.31706918217241764,31.9765625,6013,11861,28.0,28.0,28.0,0.0,0.0
n_puzzle,amit9_d29,amit_depth_29,amit,astar,True,False,False,False,0.04728657007217407,31.00390625,1091,2208,29.0,29.0,29.0,0.0,0.0
n_puzzle,amit9_d29,amit_depth_29,amit,ilbfs,True,False,False,False,2.299181035719812,31.00390625,26272,56252,29.0,29.0,29.0,0.0,0.0
n_puzzle,amit9_d29,amit_depth_29,amit,rbfs,True,False,False,False,0.1294151647016406,33.3828125,2901,5740,29.0,29.0,29.0,0.0,0.0
n_puzzle,amit10_d30,amit_depth_30,amit,astar,True,False,False,False,0.21955893002450466,37.87109375,5013,10119,30.0,30.0,30.0,0.0,0.0
n_puzzle,amit10_d30,amit_depth_30,amit,ilbfs,False,False,True,False,201.23294832464308,38.01953125,2344300,5000001,,,30.0,,
n_puzzle,amit10_d30,amit_depth_30,amit,rbfs,True,False,False,False,0.3701228378340602,42.359375,7216,14266,30.0,30.0,30.0,0.0,0.0
n_puzzle,amit11_d31,amit_depth_31,amit,astar,True,False,False,False,0.012750042602419853,40.359375,323,658,31.0,31.0,31.0,0.0,0.0
n_puzzle,amit11_d31,amit_depth_31,amit,ilbfs,True,False,False,False,0.05493730213493109,40.36328125,735,1533,31.0,31.0,31.0,0.0,0.0
n_puzzle,amit11_d31,amit_depth_31,amit,rbfs,True,False,False,False,0.016010967083275318,40.36328125,409,811,31.0,31.0,31.0,0.0,0.0
n_puzzle,amit12_d32,amit_depth_32,amit,astar,True,False,False,False,0.2015625825151801,41.88671875,5026,10090,32.0,32.0,32.0,0.0,0.0
n_puzzle,amit12_d32,amit_depth_32,amit,ilbfs,True,False,False,False,9.916895973496139,41.88671875,120207,244701,32.0,32.0,32.0,0.0,0.0
n_puzzle,amit12_d32,amit_depth_32,amit,rbfs,True,False,False,False,0.42488727159798145,46.05859375,9456,18537,32.0,32.0,32.0,0.0,0.0
n_puzzle,amit13_d33,amit_depth_33,amit,astar,True,False,False,False,3.6602347642183304,155.19140625,77527,150718,33.0,33.0,33.0,0.0,0.0
n_puzzle,amit13_d33,amit_depth_33,amit,ilbfs,False,False,True,False,214.26928004994988,115.47265625,2558450,5000001,,,33.0,,
n_puzzle,amit13_d33,amit_depth_33,amit,rbfs,True,False,False,False,5.7738117557018995,214.23046875,98169,188287,33.0,33.0,33.0,0.0,0.0
n_puzzle,amit14_d34,amit_depth_34,amit,astar,True,False,False,False,0.25806121341884136,218.27734375,5931,11804,34.0,34.0,34.0,0.0,0.0
n_puzzle,amit14_d34,amit_depth_34,amit,ilbfs,False,False,True,False,205.3923746496439,218.3515625,2374046,5000002,,,34.0,,
n_puzzle,amit14_d34,amit_depth_34,amit,rbfs,True,False,False,False,0.4496735315769911,224.04296875,9857,19284,34.0,34.0,34.0,0.0,0.0
n_puzzle,amit15_d35,amit_depth_35,amit,astar,True,False,False,False,0.752560063265264,234.9765625,17277,33882,35.0,35.0,35.0,0.0,0.0
n_puzzle,amit15_d35,amit_depth_35,amit,ilbfs,True,False,False,False,209.6996774021536,235.1328125,2597632,4983032,35.0,35.0,35.0,0.0,0.0
n_puzzle,amit15_d35,amit_depth_35,amit,rbfs,True,False,False,False,3.1470837984234095,235.140625,52223,100719,35.0,35.0,35.0,0.0,0.0
n_puzzle,amit16_d36,amit_depth_36,amit,astar,True,False,False,False,2.6778512811288238,211.40234375,58806,114284,36.0,36.0,36.0,0.0,0.0
n_puzzle,amit16_d36,amit_depth_36,amit,ilbfs,False,False,True,False,209.79863242153078,205.5703125,2539989,5000001,,,36.0,,
n_puzzle,amit16_d36,amit_depth_36,amit,rbfs,True,False,False,False,5.8717065481469035,248.9765625,100647,191491,36.0,36.0,36.0,0.0,0.0
n_puzzle,amit17_d37,amit_depth_37,amit,astar,True,False,False,False,3.1167154060676694,277.84375,68295,133485,37.0,37.0,37.0,0.0,0.0
n_puzzle,amit17_d37,amit_depth_37,amit,ilbfs,False,False,True,False,205.34914746135473,272.00390625,2336935,5000002,,,37.0,,
n_puzzle,amit17_d37,amit_depth_37,amit,rbfs,True,False,False,False,3.867793240584433,272.1484375,67977,130751,37.0,37.0,37.0,0.0,0.0
n_puzzle,amit18_d38,amit_depth_38,amit,astar,True,False,False,False,8.082420581020415,389.9609375,180232,342242,38.0,38.0,38.0,0.0,0.0
n_puzzle,amit18_d38,amit_depth_38,amit,ilbfs,False,False,True,False,210.6277129119262,299.09375,2443227,5000003,,,38.0,,
n_puzzle,amit18_d38,amit_depth_38,amit,rbfs,True,False,False,False,15.571825191378593,553.1640625,267506,499129,38.0,38.0,38.0,0.0,0.0
n_puzzle,amit19_d39,amit_depth_39,amit,astar,True,False,False,False,3.6575651820749044,540.6640625,81213,153127,39.0,39.0,39.0,0.0,0.0
n_puzzle,amit19_d39,amit_depth_39,amit,ilbfs,False,False,True,False,216.2105527082458,525.0,2486646,5000002,,,39.0,,
n_puzzle,amit19_d39,amit_depth_39,amit,rbfs,True,False,False,False,6.01701454911381,528.12890625,98917,181795,39.0,39.0,39.0,0.0,0.0
n_puzzle,amit20_d40,amit_depth_40,amit,astar,True,False,False,False,2.473891415633261,352.93359375,54826,105515,40.0,40.0,40.0,0.0,0.0
n_puzzle,amit20_d40,amit_depth_40,amit,ilbfs,False,False,True,False,209.73256665002555,351.0,2483897,5000001,,,40.0,,
n_puzzle,amit20_d40,amit_depth_40,amit,rbfs,True,False,False,False,7.615439807996154,351.484375,131035,245968,40.0,40.0,40.0,0.0,0.0
