algorithm_name,domain_name,instance_id,instance_difficulty,instance_source,known_optimal_depth,success,solution_cost,runtime_seconds,peak_memory_mb,nodes_expanded,nodes_generated,max_frontier_size,max_depth_reached,reexpansions,node_limit_reached,memory_limit_reached,stack_exhausted,error_message,total_nodes_ida,total_nodes_a_approx,total_nodes_a,total_nodes_a_predicted,requested_num_procs,actual_num_procs,scheduler_name,proc_switches,phase1_expanded,phase2_expanded,active_procs_at_solution,procs_used,min_proc_expansions,max_proc_expansions,mean_proc_expansions,median_proc_expansions,std_proc_expansions,winning_proc_id,winning_proc_expansions,proc_expansions_histogram,solution_depth,solution_actions
astar,n_puzzle,amit1_d21,amit_depth_21,amit,21,True,21.0,0.00440393399912864,18.8515625,102,201,96,21,0,False,False,False,,,,,False,,,,0,0,0,,,,,,,,,,,21,"left,left,up,left,up,right,down,right,right,up,left,down,left,left,down,right,down,left,up,up,up"
ilbfs,n_puzzle,amit1_d21,amit_depth_21,amit,21,True,21.0,0.028639928001211956,19.01171875,393,841,42,21,157,False,False,False,,,,,False,,,,0,0,0,,,,,,,,,,,21,"left,up,right,up,left,down,down,left,up,up,left,down,down,right,down,left,up,up,right,up,left"
rbfs,n_puzzle,amit1_d21,amit_depth_21,amit,21,True,21.0,0.007302493002498522,19.15234375,179,349,3,21,0,False,False,False,,,,,False,,,,0,0,0,,,,,,,,,,,21,"left,left,up,up,left,down,down,right,down,left,up,up,right,right,right,up,left,down,left,up,left"
mp-rbfs-best_first,n_puzzle,amit1_d21,amit_depth_21,amit,21,True,21.0,0.007815190001565497,19.26171875,201,406,198,21,5,False,False,False,,,,,False,50,50,best_first,156,48,153,46,46,0,18,3.06,1.0,4.132548751518059,9,6,"12,6,6,18,4,15,2,15,3,6,1,7,7,1,1,0,3,1,1,1,1,0,0,9,1,1,1,1,1,2,1,1,3,1,0,1,1,1,1,1,1,1,1,2,1,3,1,3,1,1",21,"left,left,up,left,up,right,down,right,right,up,left,down,left,left,down,right,down,left,up,up,up"
mp-rbfs-round_robin,n_puzzle,amit1_d21,amit_depth_21,amit,21,True,21.0,0.011504119000164792,19.57421875,357,737,375,21,3,False,False,False,,,,,False,50,50,round_robin,310,48,309,50,50,6,7,6.18,6.0,0.38808793449160356,9,6,"7,7,7,7,7,7,7,7,7,6,6,6,6,6,6,6,6,6,6,6,6,6,6,6,6,6,6,6,6,6,6,6,6,6,6,6,6,6,6,6,6,6,6,6,6,6,6,6,6,6",21,"left,left,up,left,up,right,down,right,right,up,left,down,left,left,down,right,down,left,up,up,up"
mp-rbfs-proportional,n_puzzle,amit1_d21,amit_depth_21,amit,21,True,21.0,0.014663653993920889,19.75,401,826,418,22,5,False,False,False,,,,,False,50,50,proportional,349,48,353,50,50,2,12,7.06,7.0,1.9421217095470298,9,6,"10,8,6,8,8,5,5,4,10,6,4,9,7,6,6,8,8,6,10,9,7,8,5,10,7,6,8,8,7,6,6,8,7,10,7,8,4,5,2,7,8,5,6,9,5,12,6,6,8,9",21,"left,left,up,left,up,right,down,right,right,up,left,down,left,left,down,right,down,left,up,up,up"
astar,n_puzzle,amit2_d22,amit_depth_22,amit,22,True,22.0,0.011366610000550281,19.75390625,338,705,368,22,0,False,False,False,,,,,False,,,,0,0,0,,,,,,,,,,,22,"left,up,right,down,down,left,down,right,up,left,up,up,right,down,down,down,left,left,left,up,up,up"
ilbfs,n_puzzle,amit2_d22,amit_depth_22,amit,22,True,22.0,0.08110055699944496,19.81640625,1094,2308,41,22,566,False,False,False,,,,,False,,,,0,0,0,,,,,,,,,,,22,"left,up,right,down,down,left,down,right,up,left,up,up,right,down,down,down,left,left,left,up,up,up"
rbfs,n_puzzle,amit2_d22,amit_depth_22,amit,22,True,22.0,0.02119671000400558,20.125,482,993,3,22,0,False,False,False,,,,,False,,,,0,0,0,,,,,,,,,,,22,"left,up,right,down,down,left,down,right,up,left,up,up,right,down,down,down,left,left,left,up,up,up"
mp-rbfs-best_first,n_puzzle,amit2_d22,amit_depth_22,amit,22,True,22.0,0.01635203600017121,20.234375,478,988,509,22,0,False,False,False,,,,,False,50,50,best_first,424,50,428,50,50,2,22,8.56,7.0,5.043322520007651,24,14,"22,5,5,4,8,15,6,18,6,15,7,10,2,7,3,18,6,4,7,20,7,3,3,4,14,15,12,7,9,10,3,6,6,8,13,5,3,5,14,3,8,9,16,11,10,3,5,14,9,5",22,"left,up,right,down,down,left,down,right,up,left,up,up,right,down,down,down,left,left,left,up,up,up"
mp-rbfs-round_robin,n_puzzle,amit2_d22,amit_depth_22,amit,22,True,22.0,0.0256856680061901,20.8828125,774,1603,828,22,0,False,False,False,,,,,False,50,50,round_robin,725,50,724,50,50,14,15,14.48,14.0,0.5046720495044484,24,14,"15,15,15,15,15,15,15,15,15,15,15,15,15,15,15,15,15,15,15,15,15,15,15,15,14,14,14,14,14,14,14,14,14,14,14,14,14,14,14,14,14,14,14,14,14,14,14,14,14,14",22,"left,up,right,down,down,left,down,right,up,left,up,up,right,down,down,down,left,left,left,up,up,up"
mp-rbfs-proportional,n_puzzle,amit2_d22,amit_depth_22,amit,22,True,22.0,0.029140425998775754,20.95703125,825,1686,860,22,0,False,False,False,,,,,False,50,50,proportional,760,50,775,50,50,8,25,15.5,15.0,3.552808604413111,24,14,"20,19,21,20,14,14,12,15,13,14,18,10,15,8,15,16,14,17,12,20,25,13,17,19,14,15,15,10,14,16,14,23,12,15,15,19,12,15,11,21,16,8,14,18,15,20,16,16,15,15",22,"left,up,right,down,down,left,down,right,up,left,up,up,right,down,down,down,left,left,left,up,up,up"
astar,n_puzzle,amit3_d23,amit_depth_23,amit,23,True,23.0,0.033662011999695096,21.0390625,930,1914,982,23,0,False,False,False,,,,,False,,,,0,0,0,,,,,,,,,,,23,"up,up,right,right,right,down,left,down,right,up,left,left,left,down,right,right,right,up,left,up,left,left,up"
ilbfs,n_puzzle,amit3_d23,amit_depth_23,amit,23,True,23.0,5.3265621090031345,21.0390625,63564,136277,53,23,22952,False,False,False,,,,,False,,,,0,0,0,,,,,,,,,,,23,"up,up,right,right,right,down,left,down,right,up,left,left,left,down,right,right,right,up,left,up,left,left,up"
rbfs,n_puzzle,amit3_d23,amit_depth_23,amit,23,True,23.0,0.050871943996753544,21.625,1084,2192,3,23,0,False,False,False,,,,,False,,,,0,0,0,,,,,,,,,,,23,"up,up,right,right,right,down,left,down,right,up,left,left,left,down,right,right,right,up,left,up,left,left,up"
mp-rbfs-best_first,n_puzzle,amit3_d23,amit_depth_23,amit,23,True,23.0,0.03972864300158108,21.890625,1168,2367,1196,23,2,False,False,False,,,,,False,50,50,best_first,1107,43,1125,50,50,2,97,22.5,9.5,23.889413589133014,31,97,"75,5,7,28,6,30,38,54,9,14,7,4,45,16,18,78,8,50,26,2,31,9,8,56,8,7,8,80,6,6,30,97,20,44,53,43,20,11,10,13,3,5,2,5,3,7,7,4,2,7",23,"up,up,right,right,right,down,left,down,right,up,left,left,left,down,right,right,right,up,left,up,left,left,up"
mp-rbfs-round_robin,n_puzzle,amit3_d23,amit_depth_23,amit,23,True,25.0,0.14537107099749846,26.8671875,4113,8274,4123,25,37,False,False,False,,,,,False,50,50,round_robin,4071,43,4070,50,50,81,82,81.4,81.0,0.4948716593053935,20,81,"82,82,82,82,82,82,82,82,82,82,82,82,82,82,82,82,82,82,82,82,81,81,81,81,81,81,81,81,81,81,81,81,81,81,81,81,81,81,81,81,81,81,81,81,81,81,81,81,81,81",25,"up,up,up,right,right,down,right,down,left,down,right,up,left,left,left,down,right,right,right,up,left,up,up,left,left"
mp-rbfs-proportional,n_puzzle,amit3_d23,amit_depth_23,amit,23,True,25.0,0.13118843999836827,26.65625,3541,7131,3553,25,36,False,False,False,,,,,False,50,50,proportional,3439,43,3498,50,50,52,92,69.96,70.0,8.713020985506551,20,82,"85,79,67,72,70,65,78,77,58,60,55,60,71,57,59,68,88,71,77,67,82,71,60,84,67,77,63,83,61,63,70,92,68,76,77,76,74,66,68,73,72,52,62,71,70,69,72,66,60,69",25,"up,up,up,right,right,down,right,down,left,down,right,up,left,left,left,down,right,right,right,up,left,up,up,left,left"
astar,n_puzzle,amit4_d24,amit_depth_24,amit,24,True,24.0,0.08156589399732184,26.68359375,2197,4460,2235,24,0,False,False,False,,,,,False,,,,0,0,0,,,,,,,,,,,24,"up,up,left,left,down,right,down,left,up,up,right,right,down,left,down,down,left,up,up,up,right,down,left,up"
ilbfs,n_puzzle,amit4_d24,amit_depth_24,amit,24,True,24.0,0.27051314400159754,26.68359375,3390,7272,46,24,1721,False,False,False,,,,,False,,,,0,0,0,,,,,,,,,,,24,"up,up,left,left,down,right,down,left,up,up,right,right,down,left,down,down,left,up,up,up,right,down,left,up"
rbfs,n_puzzle,amit4_d24,amit_depth_24,amit,24,True,24.0,0.06294825200166088,26.73046875,1331,2678,4,24,0,False,False,False,,,,,False,,,,0,0,0,,,,,,,,,,,24,"up,up,left,left,down,right,down,left,up,up,right,right,down,left,down,down,left,up,up,up,right,down,left,up"
mp-rbfs-best_first,n_puzzle,amit4_d24,amit_depth_24,amit,24,True,24.0,0.07854555799713125,26.73046875,1920,3893,1951,24,20,False,False,False,,,,,False,50,49,best_first,1826,48,1872,47,47,0,234,38.204081632653065,25,44.615477318151946,8,64,"63,68,127,50,94,95,55,234,64,5,52,52,7,15,13,184,24,36,13,47,23,32,12,42,26,0,11,5,21,30,9,11,32,5,28,35,21,11,5,41,11,0,15,43,37,25,24,13,6",24,"up,up,left,left,down,right,down,left,up,up,right,right,down,left,down,down,left,up,up,up,right,down,left,up"
mp-rbfs-round_robin,n_puzzle,amit4_d24,amit_depth_24,amit,24,True,24.0,0.10605379199841991,27.0,3192,6431,3168,25,69,False,False,False,,,,,False,50,49,round_robin,3145,48,3144,49,49,64,65,64.16326530612245,64,0.3734377890799553,8,64,"65,65,65,65,65,65,65,65,64,64,64,64,64,64,64,64,64,64,64,64,64,64,64,64,64,64,64,64,64,64,64,64,64,64,64,64,64,64,64,64,64,64,64,64,64,64,64,64,64",24,"up,up,left,left,down,right,down,left,up,up,right,right,down,left,down,down,left,up,up,up,right,down,left,up"
mp-rbfs-proportional,n_puzzle,amit4_d24,amit_depth_24,amit,24,True,26.0,0.11888599800295196,27.1015625,3023,6100,3020,26,55,False,False,False,,,,,False,50,49,proportional,2925,48,2975,49,49,44,85,60.714285714285715,61,8.45330310194384,19,69,"76,85,64,63,61,70,68,65,54,47,62,66,49,44,49,78,61,63,60,69,62,58,63,63,65,49,60,51,55,60,73,56,62,48,63,67,56,55,53,69,52,46,65,64,61,67,57,60,61",26,"left,left,up,up,right,right,down,left,down,right,up,up,left,down,down,right,up,left,left,down,right,down,left,up,up,up"
astar,n_puzzle,amit5_d25,amit_depth_25,amit,25,True,25.0,0.010890715006098617,27.1015625,299,628,330,25,0,False,False,False,,,,,False,,,,0,0,0,,,,,,,,,,,25,"left,down,right,up,left,left,left,down,down,right,right,right,up,left,up,left,down,left,down,down,right,up,up,up,left"
ilbfs,n_puzzle,amit5_d25,amit_depth_25,amit,25,True,25.0,0.17528756199317286,27.1015625,2191,4659,48,25,986,False,False,False,,,,,False,,,,0,0,0,,,,,,,,,,,25,"left,down,right,up,left,left,left,down,down,right,right,right,up,left,up,left,down,left,down,down,right,up,up,up,left"
rbfs,n_puzzle,amit5_d25,amit_depth_25,amit,25,True,25.0,0.04014695400110213,27.1953125,964,1973,3,25,0,False,False,False,,,,,False,,,,0,0,0,,,,,,,,,,,25,"left,down,right,up,left,left,left,down,down,right,right,right,up,left,up,left,down,left,down,down,right,up,up,up,left"
mp-rbfs-best_first,n_puzzle,amit5_d25,amit_depth_25,amit,25,True,25.0,0.029323153998120688,27.2265625,789,1620,830,25,0,False,False,False,,,,,False,50,50,best_first,707,44,745,50,50,2,66,14.9,16.0,10.26436275942851,19,24,"20,66,22,17,17,20,2,6,13,16,19,16,2,20,5,17,17,19,15,24,2,18,17,12,4,2,25,11,15,5,22,19,5,15,6,24,12,3,20,24,13,25,10,5,18,3,18,13,6,20",25,"left,down,right,up,left,left,left,down,down,right,right,right,up,left,up,left,down,left,down,down,right,up,up,up,left"
mp-rbfs-round_robin,n_puzzle,amit5_d25,amit_depth_25,amit,25,True,25.0,0.04379347299982328,27.23046875,1263,2561,1296,25,1,False,False,False,,,,,False,50,50,round_robin,1220,44,1219,50,50,24,25,24.38,24.0,0.49031435147801467,19,24,"25,25,25,25,25,25,25,25,25,25,25,25,25,25,25,25,25,25,25,24,24,24,24,24,24,24,24,24,24,24,24,24,24,24,24,24,24,24,24,24,24,24,24,24,24,24,24,24,24,24",25,"left,down,right,up,left,left,left,down,down,right,right,right,up,left,up,left,down,left,down,down,right,up,up,up,left"
mp-rbfs-proportional,n_puzzle,amit5_d25,amit_depth_25,amit,25,True,25.0,0.03464210400125012,27.23046875,988,2011,1021,25,1,False,False,False,,,,,False,50,50,proportional,931,44,944,50,50,12,32,18.88,19.0,4.123798526324278,19,24,"19,32,24,22,20,17,14,18,17,13,22,16,20,12,23,15,19,22,15,24,25,17,24,20,16,15,20,15,12,19,20,26,18,19,18,20,23,19,13,24,25,12,15,18,18,19,20,16,18,16",25,"left,down,right,up,left,left,left,down,down,right,right,right,up,left,up,left,down,left,down,down,right,up,up,up,left"
astar,n_puzzle,amit6_d26,amit_depth_26,amit,26,True,26.0,0.002345260996662546,27.23046875,90,183,94,26,0,False,False,False,,,,,False,,,,0,0,0,,,,,,,,,,,26,"down,right,up,up,left,up,right,down,right,right,down,left,down,right,up,left,up,right,up,left,down,left,down,left,up,up"
ilbfs,n_puzzle,amit6_d26,amit_depth_26,amit,26,True,26.0,0.0100247730006231,27.23046875,164,341,53,26,59,False,False,False,,,,,False,,,,0,0,0,,,,,,,,,,,26,"down,right,up,up,left,up,right,down,right,right,down,left,down,right,up,left,up,right,up,left,down,left,down,left,up,up"
rbfs,n_puzzle,amit6_d26,amit_depth_26,amit,26,True,26.0,0.004659824997361284,27.23046875,122,245,3,26,0,False,False,False,,,,,False,,,,0,0,0,,,,,,,,,,,26,"down,right,up,up,left,up,right,down,right,right,down,left,down,right,up,left,up,right,up,left,down,left,down,left,up,up"
mp-rbfs-best_first,n_puzzle,amit6_d26,amit_depth_26,amit,26,True,26.0,0.007027300001936965,27.23046875,221,463,241,26,0,False,False,False,,,,,False,50,50,best_first,170,52,169,50,31,0,35,3.38,1.0,7.012787154439338,2,35,"2,7,35,1,6,7,3,1,35,5,3,1,5,1,1,1,11,0,0,0,5,1,2,7,1,0,0,3,5,3,1,2,7,0,4,0,0,0,0,0,0,0,0,0,0,0,0,0,1,2",26,"down,right,up,up,left,up,right,down,right,right,down,left,down,right,up,left,up,right,up,left,down,left,down,left,up,up"
mp-rbfs-round_robin,n_puzzle,amit6_d26,amit_depth_26,amit,26,True,28.0,0.04434198300441494,27.23046875,1385,2785,1385,28,14,False,False,False,,,,,False,50,50,round_robin,1334,52,1333,50,50,26,27,26.66,27.0,0.47851812069840644,33,26,"27,27,27,27,27,27,27,27,27,27,27,27,27,27,27,27,27,27,27,27,27,27,27,27,27,27,27,27,27,27,27,27,27,26,26,26,26,26,26,26,26,26,26,26,26,26,26,26,26,26",28,"down,right,up,up,left,up,right,down,down,left,up,right,right,right,down,left,down,right,up,left,up,right,up,left,down,left,left,up"
mp-rbfs-proportional,n_puzzle,amit6_d26,amit_depth_26,amit,26,True,26.0,0.04629382699931739,27.23046875,1288,2594,1289,28,16,False,False,False,,,,,False,50,50,proportional,1220,52,1236,48,50,1,43,24.72,25.0,6.605625308347856,2,35,"26,43,35,29,22,25,20,25,24,24,19,24,21,29,22,27,32,19,25,29,22,31,23,27,23,21,4,29,22,24,30,29,28,27,26,28,25,22,1,32,30,21,15,25,22,25,27,33,20,24",26,"down,right,up,up,left,up,right,down,right,right,down,left,down,right,up,left,up,right,up,left,down,left,down,left,up,up"
astar,n_puzzle,amit7_d27,amit_depth_27,amit,27,True,27.0,0.015396587004943285,27.23046875,481,950,467,27,0,False,False,False,,,,,False,,,,0,0,0,,,,,,,,,,,27,"up,up,left,down,down,right,up,up,left,down,down,down,left,left,up,up,right,down,down,right,right,up,left,up,left,left,up"
ilbfs,n_puzzle,amit7_d27,amit_depth_27,amit,27,True,27.0,0.12219499799539335,27.23046875,1569,3274,52,27,748,False,False,False,,,,,False,,,,0,0,0,,,,,,,,,,,27,"up,up,left,down,down,right,up,up,left,down,down,down,left,left,up,up,right,down,down,right,right,up,left,up,left,left,up"
rbfs,n_puzzle,amit7_d27,amit_depth_27,amit,27,True,27.0,0.046288122997793835,27.27734375,1083,2150,3,27,0,False,False,False,,,,,False,,,,0,0,0,,,,,,,,,,,27,"up,up,left,down,down,right,up,up,left,down,down,down,left,left,up,up,right,down,down,right,right,up,left,up,left,left,up"
mp-rbfs-best_first,n_puzzle,amit7_d27,amit_depth_27,amit,27,True,27.0,0.028860560996690765,27.31640625,851,1715,861,27,2,False,False,False,,,,,False,50,51,best_first,802,39,812,51,51,2,49,15.92156862745098,14,10.63925399124375,27,16,"22,23,25,17,22,27,32,22,16,31,27,22,25,3,3,49,43,29,11,16,22,6,21,28,22,11,8,16,2,16,7,3,14,6,10,9,12,3,5,13,12,2,14,6,6,4,14,14,7,7,27",27,"up,up,left,down,down,right,up,up,left,down,down,down,left,left,up,up,right,down,down,right,right,up,left,up,left,left,up"
mp-rbfs-round_robin,n_puzzle,amit7_d27,amit_depth_27,amit,27,True,27.0,0.02722005600662669,27.3359375,882,1782,894,27,5,False,False,False,,,,,False,50,51,round_robin,844,39,843,51,51,16,17,16.529411764705884,17,0.5041008302500836,27,16,"17,17,17,17,17,17,17,17,17,17,17,17,17,17,17,17,17,17,17,17,17,17,17,17,17,17,17,16,16,16,16,16,16,16,16,16,16,16,16,16,16,16,16,16,16,16,16,16,16,16,16",27,"up,up,left,down,down,right,up,up,left,down,down,down,left,left,up,up,right,down,down,right,right,up,left,up,left,left,up"
mp-rbfs-proportional,n_puzzle,amit7_d27,amit_depth_27,amit,27,True,29.0,0.0258772110028076,27.33984375,742,1511,767,29,1,False,False,False,,,,,False,50,51,proportional,692,39,703,51,51,7,23,13.784313725490197,14,3.4077190347221764,30,16,"16,19,19,16,15,12,12,14,11,12,16,9,14,11,15,11,18,9,15,18,23,11,12,21,15,10,11,11,12,14,16,19,10,13,14,14,13,7,13,17,18,9,11,8,14,16,17,12,12,13,15",29,"up,up,left,down,down,right,up,up,left,down,down,down,right,up,left,down,left,left,up,up,right,down,down,right,up,up,left,left,up"
astar,n_puzzle,amit8_d28,amit_depth_28,amit,28,True,28.0,0.13919681499828584,28.4375,3352,6799,3421,28,0,False,False,False,,,,,False,,,,0,0,0,,,,,,,,,,,28,"left,down,right,right,up,left,down,down,right,right,up,up,left,left,left,down,right,right,down,right,up,up,left,left,down,left,up,up"
ilbfs,n_puzzle,amit8_d28,amit_depth_28,amit,28,True,28.0,15.90676072199858,28.4765625,182461,377886,64,28,88692,False,False,False,,,,,False,,,,0,0,0,,,,,,,,,,,28,"left,down,right,right,up,left,down,down,right,right,up,up,left,left,left,down,right,right,down,right,up,up,left,left,down,left,up,up"
rbfs,n_puzzle,amit8_d28,amit_depth_28,amit,28,True,28.0,0.31122348299686564,31.4609375,6013,11861,4,28,0,False,False,False,,,,,False,,,,0,0,0,,,,,,,,,,,28,"left,down,right,down,right,right,up,up,up,left,down,left,left,up,right,right,right,down,left,down,down,right,up,up,left,left,up,left"
mp-rbfs-best_first,n_puzzle,amit8_d28,amit_depth_28,amit,28,True,28.0,0.14499917400098639,34.89453125,3497,7094,3570,28,26,False,False,False,,,,,False,50,50,best_first,3115,42,3455,49,49,0,615,69.1,41.0,94.8320212001092,7,32,"54,40,25,36,16,35,18,32,74,33,39,20,21,87,27,122,98,42,36,134,36,30,98,42,91,56,86,615,46,35,116,88,42,83,261,64,39,50,110,255,69,26,16,63,0,4,8,17,13,7",28,"left,down,right,down,right,right,up,up,up,left,down,left,left,up,right,right,right,down,left,down,down,right,up,up,left,left,up,left"
mp-rbfs-round_robin,n_puzzle,amit8_d28,amit_depth_28,amit,28,True,28.0,0.0536916389974067,35.02734375,1649,3392,1718,28,24,False,False,False,,,,,False,50,50,round_robin,1608,42,1607,50,50,32,33,32.14,32.0,0.35050983275386566,7,32,"33,33,33,33,33,33,33,32,32,32,32,32,32,32,32,32,32,32,32,32,32,32,32,32,32,32,32,32,32,32,32,32,32,32,32,32,32,32,32,32,32,32,32,32,32,32,32,32,32,32",28,"left,down,right,down,right,right,up,up,up,left,down,left,left,up,right,right,right,down,left,down,down,right,up,up,left,left,up,left"
mp-rbfs-proportional,n_puzzle,amit8_d28,amit_depth_28,amit,28,True,28.0,0.0649978830042528,35.03515625,1753,3593,1810,28,29,False,False,False,,,,,False,50,50,proportional,1686,42,1711,50,50,24,53,34.22,34.0,6.171990715138439,7,32,"39,47,37,32,27,31,28,32,34,29,35,27,30,31,32,25,36,39,27,53,39,30,38,38,38,36,29,43,35,26,41,38,30,50,30,36,30,36,42,39,33,24,29,37,31,36,34,35,28,29",28,"left,down,right,down,right,right,up,up,up,left,down,left,left,up,right,right,right,down,left,down,down,right,up,up,left,left,up,left"
astar,n_puzzle,amit9_d29,amit_depth_29,amit,29,True,29.0,0.04053810799814528,35.03515625,1091,2208,1108,29,0,False,False,False,,,,,False,,,,0,0,0,,,,,,,,,,,29,"down,left,up,left,up,left,up,right,right,right,down,down,left,up,up,right,down,left,left,left,up,right,right,right,down,left,left,up,left"
ilbfs,n_puzzle,amit9_d29,amit_depth_29,amit,29,True,29.0,2.2825764680019347,35.03515625,26272,56252,60,29,12962,False,False,False,,,,,False,,,,0,0,0,,,,,,,,,,,29,"down,left,up,left,up,left,up,right,right,right,down,down,left,up,up,right,down,left,left,left,up,right,right,right,down,left,left,up,left"
rbfs,n_puzzle,amit9_d29,amit_depth_29,amit,29,True,29.0,0.12915928900474682,36.1328125,2901,5740,3,29,0,False,False,False,,,,,False,,,,0,0,0,,,,,,,,,,,29,"down,left,up,left,up,left,up,right,right,right,down,down,left,up,up,right,down,left,left,left,up,right,right,right,down,left,left,up,left"
mp-rbfs-best_first,n_puzzle,amit9_d29,amit_depth_29,amit,29,True,29.0,0.05867870899965055,36.828125,1571,3179,1586,29,20,False,False,False,,,,,False,50,49,best_first,1404,44,1527,49,49,4,236,31.163265306122447,21,37.67755020055903,26,53,"55,30,36,102,17,94,236,21,51,13,22,26,109,6,24,32,21,39,21,15,21,8,33,7,4,27,53,13,26,15,14,36,13,41,26,20,5,4,24,6,24,15,18,6,17,9,34,22,16",29,"down,left,up,left,up,left,up,right,right,right,down,down,left,up,up,right,down,left,left,left,up,right,right,right,down,left,left,up,left"
mp-rbfs-round_robin,n_puzzle,amit9_d29,amit_depth_29,amit,29,True,29.0,0.09040871099568903,37.38671875,2716,5504,2759,29,27,False,False,False,,,,,False,50,49,round_robin,2673,44,2672,49,49,54,55,54.53061224489796,55,0.5042337758225565,26,54,"55,55,55,55,55,55,55,55,55,55,55,55,55,55,55,55,55,55,55,55,55,55,55,55,55,55,54,54,54,54,54,54,54,54,54,54,54,54,54,54,54,54,54,54,54,54,54,54,54",29,"down,left,up,left,up,left,up,right,right,right,down,down,left,up,up,right,down,left,left,left,up,right,right,right,down,left,left,up,left"
mp-rbfs-proportional,n_puzzle,amit9_d29,amit_depth_29,amit,29,True,29.0,0.095830238002236,37.5,2634,5342,2679,29,27,False,False,False,,,,,False,50,49,proportional,2551,44,2590,49,49,43,68,52.857142857142854,52,6.4031242374328485,26,53,"65,68,51,60,44,62,59,49,46,53,48,56,47,43,46,56,65,45,63,61,47,44,64,48,60,49,53,51,52,51,59,53,54,47,54,56,47,47,49,49,50,43,55,49,52,58,54,55,53",29,"down,left,up,left,up,left,up,right,right,right,down,down,left,up,up,right,down,left,left,left,up,right,right,right,down,left,left,up,left"
astar,n_puzzle,amit10_d30,amit_depth_30,amit,30,True,30.0,0.22627243600436486,37.88671875,5013,10119,5062,30,0,False,False,False,,,,,False,,,,0,0,0,,,,,,,,,,,30,"down,left,left,up,right,up,up,left,down,right,up,right,down,down,left,up,up,left,down,down,down,right,up,right,right,up,up,left,left,left"
ilbfs,n_puzzle,amit10_d30,amit_depth_30,amit,30,False,,210.01367280600243,37.97265625,2344300,5000001,67,26,1029596,True,False,False,max_nodes safety valve exceeded,,,,False,,,,0,0,0,,,,,,,,,,,,
rbfs,n_puzzle,amit10_d30,amit_depth_30,amit,30,True,30.0,0.324642922001658,40.15234375,7216,14266,4,30,0,False,False,False,,,,,False,,,,0,0,0,,,,,,,,,,,30,"down,left,left,up,right,up,up,left,down,right,up,right,down,down,left,up,up,left,down,down,down,right,up,right,right,up,up,left,left,left"
mp-rbfs-best_first,n_puzzle,amit10_d30,amit_depth_30,amit,30,True,30.0,0.4309670300062862,42.58984375,9779,19468,9627,30,61,False,False,False,,,,,False,50,50,best_first,9697,43,9736,50,50,9,585,194.72,151.0,174.95515926974556,26,585,"73,156,112,158,183,61,495,252,34,227,251,129,130,224,122,20,19,222,577,195,311,266,41,488,104,273,585,453,289,13,190,495,414,146,77,547,442,451,9,46,14,13,12,36,19,13,29,70,78,172",30,"down,left,left,up,right,up,up,left,down,right,up,right,down,down,left,up,up,left,down,down,down,right,up,right,right,up,up,left,left,left"
mp-rbfs-round_robin,n_puzzle,amit10_d30,amit_depth_30,amit,30,True,30.0,1.2215458040009253,76.203125,29269,58471,28779,32,422,False,False,False,,,,,False,50,50,round_robin,29227,43,29226,50,50,584,585,584.52,585.0,0.5046720495044484,26,584,"585,585,585,585,585,585,585,585,585,585,585,585,585,585,585,585,585,585,585,585,585,585,585,585,585,585,584,584,584,584,584,584,584,584,584,584,584,584,584,584,584,584,584,584,584,584,584,584,584,584",30,"down,left,left,up,right,up,up,left,down,right,up,right,down,down,left,up,up,left,down,down,down,right,up,right,right,up,up,left,left,left"
mp-rbfs-proportional,n_puzzle,amit10_d30,amit_depth_30,amit,30,True,30.0,1.3495328860008158,76.375,27153,54259,26699,31,406,False,False,False,,,,,False,50,50,proportional,26577,43,27110,50,50,453,614,542.2,547.5,39.54950398306055,26,584,"540,560,557,509,551,510,607,554,517,541,560,566,542,554,528,532,525,598,575,597,588,513,476,559,544,580,584,614,586,470,596,544,565,551,558,564,596,584,494,518,482,453,499,514,495,476,521,482,553,528",30,"down,left,left,up,right,up,up,left,down,right,up,right,down,down,left,up,up,left,down,down,down,right,up,right,right,up,up,left,left,left"
astar,n_puzzle,amit11_d31,amit_depth_31,amit,31,True,31.0,0.011197364998224657,76.375,323,658,335,31,0,False,False,False,,,,,False,,,,0,0,0,,,,,,,,,,,31,"up,up,left,down,down,down,right,up,up,up,left,left,down,left,down,right,up,up,left,down,down,right,right,down,left,left,up,right,up,up,left"
ilbfs,n_puzzle,amit11_d31,amit_depth_31,amit,31,True,31.0,0.05694216399569996,76.375,735,1533,62,31,298,False,False,False,,,,,False,,,,0,0,0,,,,,,,,,,,31,"up,up,left,down,left,left,down,right,up,right,down,down,right,up,up,up,left,left,left,down,down,right,right,down,left,left,up,right,up,up,left"
rbfs,n_puzzle,amit11_d31,amit_depth_31,amit,31,True,31.0,0.016063879993453156,76.375,409,811,3,31,0,False,False,False,,,,,False,,,,0,0,0,,,,,,,,,,,31,"up,up,left,down,down,down,right,up,up,up,left,left,down,left,down,right,up,up,left,down,down,right,right,down,left,left,up,right,up,up,left"
mp-rbfs-best_first,n_puzzle,amit11_d31,amit_depth_31,amit,31,True,31.0,0.027313143997162115,76.375,776,1579,800,31,2,False,False,False,,,,,False,50,51,best_first,725,51,725,50,50,0,39,14.215686274509803,12,12.660669374863552,38,21,"14,22,21,27,27,22,28,29,26,27,27,21,24,26,30,24,37,30,30,29,26,39,24,6,26,1,5,2,1,1,3,2,1,1,1,1,6,1,21,2,12,1,1,1,1,0,3,1,1,12,1",31,"up,up,left,down,down,down,right,up,up,up,left,left,down,left,down,right,up,up,left,down,down,right,right,down,left,left,up,right,up,up,left"
mp-rbfs-round_robin,n_puzzle,amit11_d31,amit_depth_31,amit,31,True,31.0,0.0371361790021183,76.375,1160,2377,1211,32,5,False,False,False,,,,,False,50,51,round_robin,1110,51,1109,51,51,21,22,21.745098039215687,22,0.44014257939453943,38,21,"22,22,22,22,22,22,22,22,22,22,22,22,22,22,22,22,22,22,22,22,22,22,22,22,22,22,22,22,22,22,22,22,22,22,22,22,22,22,21,21,21,21,21,21,21,21,21,21,21,21,21",31,"up,up,left,down,down,down,right,up,up,up,left,left,down,left,down,right,up,up,left,down,down,right,right,down,left,left,up,right,up,up,left"
mp-rbfs-proportional,n_puzzle,amit11_d31,amit_depth_31,amit,31,True,31.0,0.041823139996267855,76.375,1194,2426,1225,33,6,False,False,False,,,,,False,50,51,proportional,1122,51,1143,51,51,15,33,22.41176470588235,22,4.355118692243578,38,21,"25,32,33,24,23,17,21,25,16,23,23,16,29,20,21,25,23,22,22,28,26,27,20,23,19,20,21,21,22,16,24,26,20,29,16,18,28,23,21,27,27,16,15,15,18,21,26,23,27,21,19",31,"up,up,left,down,down,down,right,up,up,up,left,left,down,left,down,right,up,up,left,down,down,right,right,down,left,left,up,right,up,up,left"
astar,n_puzzle,amit12_d32,amit_depth_32,amit,32,True,32.0,0.20045194100384833,76.375,5026,10090,5017,32,0,False,False,False,,,,,False,,,,0,0,0,,,,,,,,,,,32,"up,up,right,right,down,left,left,down,down,right,right,right,up,left,up,left,down,down,right,up,right,down,left,up,right,up,left,down,left,up,up,left"
ilbfs,n_puzzle,amit12_d32,amit_depth_32,amit,32,True,32.0,9.982791497997823,76.375,120207,244701,68,32,52663,False,False,False,,,,,False,,,,0,0,0,,,,,,,,,,,32,"up,up,right,right,down,left,left,down,down,right,right,right,up,left,up,left,down,down,right,up,right,down,left,up,right,up,left,down,left,up,up,left"
rbfs,n_puzzle,amit12_d32,amit_depth_32,amit,32,True,32.0,0.42725685000186786,76.375,9456,18537,3,32,0,False,False,False,,,,,False,,,,0,0,0,,,,,,,,,,,32,"up,up,right,right,down,left,left,down,down,right,right,right,up,left,up,left,down,down,right,up,right,down,left,up,right,up,left,down,left,up,up,left"
mp-rbfs-best_first,n_puzzle,amit12_d32,amit_depth_32,amit,32,True,32.0,0.577486633999797,76.375,12764,25219,12351,32,103,False,False,False,,,,,False,50,50,best_first,12234,41,12723,50,50,12,1620,254.46,137.5,313.2290815856989,2,1620,"448,981,1620,681,87,851,436,198,56,20,98,634,286,1130,61,201,57,143,12,235,37,60,117,130,189,52,23,99,92,288,375,262,50,82,85,104,262,234,50,213,83,90,296,63,132,262,202,253,218,85",32,"up,up,right,right,down,left,left,down,down,right,right,right,up,left,up,left,down,down,right,up,right,down,left,up,right,up,left,down,left,up,up,left"
mp-rbfs-round_robin,n_puzzle,amit12_d32,amit_depth_32,amit,32,True,32.0,3.788900507002836,162.46484375,79693,155440,74193,34,1553,False,False,False,,,,,False,50,50,round_robin,79653,41,79652,50,50,1593,1594,1593.04,1593.0,0.19794866372215741,2,1593,"1594,1594,1593,1593,1593,1593,1593,1593,1593,1593,1593,1593,1593,1593,1593,1593,1593,1593,1593,1593,1593,1593,1593,1593,1593,1593,1593,1593,1593,1593,1593,1593,1593,1593,1593,1593,1593,1593,1593,1593,1593,1593,1593,1593,1593,1593,1593,1593,1593,1593",32,"up,up,right,right,down,left,left,down,down,right,right,right,up,left,up,left,down,down,right,up,right,down,left,up,right,up,left,down,left,up,up,left"
mp-rbfs-proportional,n_puzzle,amit12_d32,amit_depth_32,amit,32,True,32.0,3.5618836319990805,162.6171875,67368,131552,62928,34,1255,False,False,False,,,,,False,50,50,proportional,65997,41,67327,50,50,1196,1595,1346.54,1341.5,76.26142202841433,2,1595,"1420,1484,1595,1409,1314,1461,1426,1314,1285,1231,1316,1488,1412,1483,1288,1318,1355,1344,1225,1386,1280,1253,1265,1371,1273,1328,1196,1339,1381,1390,1390,1350,1234,1288,1289,1303,1381,1358,1314,1312,1336,1273,1367,1329,1373,1369,1377,1367,1390,1297",32,"up,up,right,right,down,left,left,down,down,right,right,right,up,left,up,left,down,down,right,up,right,down,left,up,right,up,left,down,left,up,up,left"
astar,n_puzzle,amit13_d33,amit_depth_33,amit,33,True,33.0,3.388506310999219,162.6171875,77527,150718,72311,33,0,False,False,False,,,,,False,,,,0,0,0,,,,,,,,,,,33,"up,up,left,left,down,left,up,right,right,down,right,down,left,left,left,down,right,up,right,down,left,left,up,up,right,up,right,right,down,left,up,left,left"
ilbfs,n_puzzle,amit13_d33,amit_depth_33,amit,33,False,,214.16166441699897,162.6171875,2558450,5000001,55,20,1256119,True,False,False,max_nodes safety valve exceeded,,,,False,,,,0,0,0,,,,,,,,,,,,
rbfs,n_puzzle,amit13_d33,amit_depth_33,amit,33,True,33.0,5.688036733001354,214.65234375,98169,188287,3,33,0,False,False,False,,,,,False,,,,0,0,0,,,,,,,,,,,33,"up,up,left,left,down,down,left,down,right,up,up,left,up,right,right,down,right,down,left,down,left,left,up,up,right,up,right,right,down,left,up,left,left"
mp-rbfs-best_first,n_puzzle,amit13_d33,amit_depth_33,amit,33,True,33.0,4.11208850100229,219.66015625,78044,151248,72470,33,733,False,False,False,,,,,False,50,50,best_first,77866,48,77996,50,50,101,3909,1559.92,1150.5,1048.5161885021234,31,2871,"1101,699,3909,1147,2216,2989,1960,2878,680,2599,1285,2433,913,2060,912,1735,2378,2605,2092,811,1154,741,3668,2233,3076,339,912,3074,956,857,1485,2871,3032,1982,3631,2015,1712,841,1042,761,680,294,265,612,755,317,389,390,101,409",33,"up,up,left,left,down,left,up,right,right,down,right,down,left,left,left,down,right,up,right,down,left,left,up,up,right,up,right,right,down,left,up,left,left"
mp-rbfs-round_robin,n_puzzle,amit13_d33,amit_depth_33,amit,33,True,33.0,6.791774441997404,261.20703125,131815,255270,121039,33,2415,False,False,False,,,,,False,50,50,round_robin,131768,48,131767,50,50,2635,2636,2635.34,2635.0,0.47851812069840644,17,2635,"2636,2636,2636,2636,2636,2636,2636,2636,2636,2636,2636,2636,2636,2636,2636,2636,2636,2635,2635,2635,2635,2635,2635,2635,2635,2635,2635,2635,2635,2635,2635,2635,2635,2635,2635,2635,2635,2635,2635,2635,2635,2635,2635,2635,2635,2635,2635,2635,2635,2635",33,"up,left,up,left,down,left,up,right,right,right,down,down,left,left,left,down,right,up,right,down,left,left,up,up,right,right,up,right,down,left,left,up,left"
mp-rbfs-proportional,n_puzzle,amit13_d33,amit_depth_33,amit,33,True,33.0,6.517127225997683,261.55078125,123910,239830,113818,33,2101,False,False,False,,,,,False,50,50,proportional,121440,48,123862,50,50,2233,2721,2477.24,2470.0,116.04389739425757,17,2610,"2446,2408,2721,2530,2520,2659,2522,2580,2402,2644,2497,2592,2439,2567,2421,2469,2639,2610,2622,2469,2396,2394,2585,2504,2567,2257,2390,2587,2527,2401,2540,2576,2574,2529,2647,2453,2544,2394,2471,2387,2448,2233,2316,2394,2419,2326,2354,2339,2267,2286",33,"up,left,up,left,down,left,up,right,right,right,down,down,left,left,left,down,right,up,right,down,left,left,up,up,right,right,up,right,down,left,left,up,left"
astar,n_puzzle,amit14_d34,amit_depth_34,amit,34,True,34.0,0.24053679299686337,229.55078125,5931,11804,5817,34,0,False,False,False,,,,,False,,,,0,0,0,,,,,,,,,,,34,"down,left,down,right,right,right,up,left,up,right,up,left,left,down,down,left,up,right,right,right,down,left,left,up,right,down,left,down,left,up,up,right,up,left"
ilbfs,n_puzzle,amit14_d34,amit_depth_34,amit,34,False,,212.41034258199943,229.55078125,2374046,5000002,69,29,1076652,True,False,False,max_nodes safety valve exceeded,,,,False,,,,0,0,0,,,,,,,,,,,,
rbfs,n_puzzle,amit14_d34,amit_depth_34,amit,34,True,34.0,0.4478698559978511,229.55078125,9857,19284,4,34,0,False,False,False,,,,,False,,,,0,0,0,,,,,,,,,,,34,"down,left,down,right,right,right,up,left,up,right,up,left,left,down,down,left,up,right,right,right,down,left,left,up,right,down,left,down,left,up,up,right,up,left"
mp-rbfs-best_first,n_puzzle,amit14_d34,amit_depth_34,amit,34,True,34.0,0.5340243219980039,229.55078125,11818,23314,11403,34,91,False,False,False,,,,,False,50,50,best_first,11447,53,11765,50,50,23,1086,235.3,160.0,212.66906839750163,31,735,"1086,62,710,71,62,46,117,134,270,60,64,140,108,39,23,163,331,256,131,264,98,329,133,65,352,55,112,29,157,374,52,735,373,288,331,493,167,506,338,270,338,188,222,199,81,634,87,359,112,151",34,"down,left,down,right,right,right,up,left,up,right,up,left,left,down,down,left,up,right,right,right,down,left,left,up,right,down,left,down,left,up,up,right,up,left"
mp-rbfs-round_robin,n_puzzle,amit14_d34,amit_depth_34,amit,34,True,34.0,1.663808760997199,225.61328125,36634,71808,34564,34,608,False,False,False,,,,,False,50,50,round_robin,36582,53,36581,50,50,731,732,731.62,732.0,0.49031435147801467,31,731,"732,732,732,732,732,732,732,732,732,732,732,732,732,732,732,732,732,732,732,732,732,732,732,732,732,732,732,732,732,732,732,731,731,731,731,731,731,731,731,731,731,731,731,731,731,731,731,731,731,731",34,"down,left,down,right,right,right,up,left,up,right,up,left,left,down,down,left,up,right,right,right,down,left,left,up,right,down,left,down,left,up,up,right,up,left"
mp-rbfs-proportional,n_puzzle,amit14_d34,amit_depth_34,amit,34,True,34.0,1.550954879996425,225.61328125,32404,63559,30634,34,519,False,False,False,,,,,False,50,50,proportional,31717,53,32351,50,50,556,763,647.02,640.0,45.53379099579761,31,734,"763,622,717,576,626,556,658,624,669,580,644,620,625,584,593,639,664,726,598,691,650,640,575,613,606,640,626,617,667,729,635,734,654,646,654,717,618,702,689,630,685,614,621,686,631,701,664,648,661,623",34,"down,left,down,right,right,right,up,left,up,right,up,left,left,down,down,left,up,right,right,right,down,left,left,up,right,down,left,down,left,up,up,right,up,left"
astar,n_puzzle,amit15_d35,amit_depth_35,amit,35,True,35.0,0.7870408060043701,223.62890625,17277,33882,16511,35,0,False,False,False,,,,,False,,,,0,0,0,,,,,,,,,,,35,"right,up,left,down,down,right,right,up,left,left,left,up,right,right,down,down,left,left,up,up,up,right,right,down,down,left,up,up,right,right,down,left,up,left,left"
ilbfs,n_puzzle,amit15_d35,amit_depth_35,amit,35,True,35.0,218.78627454000525,177.98828125,2597632,4983032,78,35,1046153,False,False,False,,,,,False,,,,0,0,0,,,,,,,,,,,35,"right,up,left,down,down,right,right,up,left,left,left,up,right,right,down,down,left,left,up,up,up,right,right,down,down,left,up,up,right,right,down,left,up,left,left"
rbfs,n_puzzle,amit15_d35,amit_depth_35,amit,35,True,35.0,2.956084933000966,198.78515625,52223,100719,4,35,0,False,False,False,,,,,False,,,,0,0,0,,,,,,,,,,,35,"right,up,left,down,down,right,right,up,left,left,left,up,right,right,down,down,left,left,up,up,up,right,right,down,down,left,up,up,right,right,down,left,up,left,left"
mp-rbfs-best_first,n_puzzle,amit15_d35,amit_depth_35,amit,35,True,35.0,0.7735055289958837,211.58203125,17657,34502,16779,35,65,False,False,False,,,,,False,50,50,best_first,17186,49,17608,49,50,1,1881,352.16,249.5,394.3623300303146,32,1343,"1266,100,52,159,67,24,281,588,81,86,320,439,241,203,418,189,258,115,207,16,311,285,85,391,1,546,352,404,1070,232,1881,340,1343,623,51,138,169,170,343,118,308,90,347,77,154,1455,303,518,305,88",35,"right,up,left,down,down,right,right,up,left,left,left,up,right,right,down,down,left,left,up,up,up,right,right,down,down,left,up,up,right,right,down,left,up,left,left"
mp-rbfs-round_robin,n_puzzle,amit15_d35,amit_depth_35,amit,35,True,39.0,0.6127166430014768,211.77734375,12004,23736,11586,39,145,False,False,False,,,,,False,50,50,round_robin,11956,49,11955,50,50,239,240,239.1,239.0,0.30304576336566325,5,239,"240,240,240,240,240,239,239,239,239,239,239,239,239,239,239,239,239,239,239,239,239,239,239,239,239,239,239,239,239,239,239,239,239,239,239,239,239,239,239,239,239,239,239,239,239,239,239,239,239,239",39,"left,up,up,right,right,right,down,left,up,right,down,down,down,left,left,up,right,down,left,left,up,right,up,right,down,right,up,up,left,down,down,down,right,up,up,left,left,up,left"
mp-rbfs-proportional,n_puzzle,amit15_d35,amit_depth_35,amit,35,True,39.0,0.5400489509993349,199.90625,12347,24357,11878,39,131,False,False,False,,,,,False,50,50,proportional,12060,49,12298,49,50,1,307,245.96,250.0,40.552792500539795,5,223,"291,258,231,241,244,223,241,236,246,230,252,254,250,247,253,231,281,216,262,214,307,239,218,262,1,265,258,265,300,263,266,276,254,271,231,244,247,252,233,270,260,258,242,253,250,236,266,237,250,223",39,"left,up,up,right,right,right,down,left,up,right,down,down,down,left,left,up,right,down,left,left,up,right,up,right,down,right,up,up,left,down,down,down,right,up,up,left,left,up,left"
astar,n_puzzle,amit16_d36,amit_depth_36,amit,36,True,36.0,2.5241888309974456,200.6875,58806,114284,54806,36,0,False,False,False,,,,,False,,,,0,0,0,,,,,,,,,,,36,"up,right,right,down,left,down,right,up,up,left,down,down,down,right,up,up,up,left,left,down,left,down,right,right,down,left,up,left,down,right,up,right,up,left,left,up"
ilbfs,n_puzzle,amit16_d36,amit_depth_36,amit,36,False,,218.05371653299517,199.703125,2539989,5000001,66,30,893780,True,False,False,max_nodes safety valve exceeded,,,,False,,,,0,0,0,,,,,,,,,,,,
rbfs,n_puzzle,amit16_d36,amit_depth_36,amit,36,True,36.0,5.828168780004489,274.37890625,100647,191491,4,36,0,False,False,False,,,,,False,,,,0,0,0,,,,,,,,,,,36,"up,right,right,down,left,down,right,up,up,left,down,down,down,right,up,up,up,left,left,down,down,right,down,left,up,up,left,down,down,right,up,right,up,left,left,up"
mp-rbfs-best_first,n_puzzle,amit16_d36,amit_depth_36,amit,36,True,36.0,3.0641982590022963,249.5859375,59649,115451,55240,36,561,False,False,False,,,,,False,50,50,best_first,59066,45,59604,50,50,65,6424,1192.08,464.0,1540.1629497675676,18,2423,"567,305,533,1928,356,768,2159,1819,5928,1336,1056,840,508,1501,4641,854,509,2392,2423,6424,4280,1321,375,1944,697,450,271,4207,312,96,65,307,224,121,393,275,292,118,423,405,390,305,102,277,198,154,471,181,3646,457",36,"up,right,right,down,left,down,right,up,up,left,down,down,down,right,up,up,up,left,left,down,left,down,right,right,down,left,up,left,down,right,up,right,up,left,left,up"
mp-rbfs-round_robin,n_puzzle,amit16_d36,amit_depth_36,amit,36,True,42.0,5.580111866001971,262.5390625,110792,214822,101719,42,2310,False,False,False,,,,,False,50,50,round_robin,110748,45,110747,50,50,2214,2215,2214.94,2215.0,0.23989793748209523,47,2214,"2215,2215,2215,2215,2215,2215,2215,2215,2215,2215,2215,2215,2215,2215,2215,2215,2215,2215,2215,2215,2215,2215,2215,2215,2215,2215,2215,2215,2215,2215,2215,2215,2215,2215,2215,2215,2215,2215,2215,2215,2215,2215,2215,2215,2215,2215,2215,2214,2214,2214",42,"left,down,down,right,right,right,up,left,up,up,right,down,down,left,up,right,up,left,down,down,down,right,up,up,up,left,down,left,left,down,right,down,left,up,right,right,down,left,left,up,up,up"
mp-rbfs-proportional,n_puzzle,amit16_d36,amit_depth_36,amit,36,True,36.0,5.7284760429974995,262.68359375,109176,211792,100380,36,2235,False,False,False,,,,,False,50,50,proportional,107016,45,109131,50,50,1932,2539,2182.62,2157.5,158.69967658107805,18,2425,"2150,2106,2250,2352,2113,2249,2398,2263,2470,2326,2289,2259,2181,2317,2402,2212,2278,2336,2425,2409,2409,2254,2100,2259,2301,2060,2025,2539,2060,1965,1932,1981,2070,1946,2165,1947,2122,1974,2087,2103,2182,2062,1976,2086,2038,1992,2144,2058,2409,2100",36,"up,right,right,down,left,down,right,up,up,left,down,down,down,right,up,up,up,left,left,down,left,down,right,right,down,left,up,left,down,right,up,right,up,left,left,up"
astar,n_puzzle,amit17_d37,amit_depth_37,amit,37,True,37.0,2.9900164370046696,230.6796875,68295,133485,64520,37,0,False,False,False,,,,,False,,,,0,0,0,,,,,,,,,,,37,"down,right,right,up,up,left,down,right,right,down,left,left,up,up,right,down,left,up,left,down,down,down,right,right,right,up,left,left,left,up,right,down,down,left,up,up,up"
ilbfs,n_puzzle,amit17_d37,amit_depth_37,amit,37,False,,210.45679336600006,230.6796875,2336935,5000002,78,31,958729,True,False,False,max_nodes safety valve exceeded,,,,False,,,,0,0,0,,,,,,,,,,,,
rbfs,n_puzzle,amit17_d37,amit_depth_37,amit,37,True,37.0,3.6785852140019415,230.6796875,67977,130751,3,37,0,False,False,False,,,,,False,,,,0,0,0,,,,,,,,,,,37,"down,right,right,up,up,left,down,right,right,down,left,left,up,up,right,down,left,up,left,down,down,down,right,right,right,up,left,left,left,up,right,down,down,left,up,up,up"
mp-rbfs-best_first,n_puzzle,amit17_d37,amit_depth_37,amit,37,True,37.0,3.2834113290009554,216.8359375,63893,124430,60033,37,503,False,False,False,,,,,False,50,50,best_first,63510,49,63844,49,50,1,5272,1276.88,685.0,1383.5174433010836,9,821,"475,896,115,2107,2485,868,1461,694,1596,821,1474,555,1179,3490,790,2595,4764,676,513,5031,3361,602,820,1,526,1923,303,43,276,3146,3138,320,1435,329,5272,1824,2761,130,166,76,196,135,250,230,351,169,374,2661,175,266",37,"down,right,right,up,up,left,down,right,right,down,left,left,up,up,right,down,left,up,left,down,down,down,right,right,right,up,left,left,left,up,right,down,down,left,up,up,up"
mp-rbfs-round_robin,n_puzzle,amit17_d37,amit_depth_37,amit,37,True,39.0,1.3524726500036195,208.71875,31109,61595,29901,39,584,False,False,False,,,,,False,50,50,round_robin,31061,49,31060,49,50,1,634,621.2,634.0,89.50019952092684,43,633,"634,634,634,634,634,634,634,634,634,634,634,634,634,634,634,634,634,634,634,634,634,634,634,1,634,634,634,634,634,634,634,634,634,634,634,634,634,634,634,634,634,634,634,633,633,633,633,633,633,633",39,"down,right,right,up,right,down,left,down,left,left,up,up,right,up,right,down,down,left,up,left,down,right,down,right,right,up,left,up,left,up,right,down,left,down,right,up,up,left,left"
mp-rbfs-proportional,n_puzzle,amit17_d37,amit_depth_37,amit,37,True,39.0,1.6403744999988703,208.71875,32783,64831,31476,39,571,False,False,False,,,,,False,50,50,proportional,32090,49,32734,50,50,559,792,654.68,653.0,46.04719850105887,43,633,"655,669,651,628,700,633,700,661,661,646,682,664,659,692,647,678,792,650,643,746,688,594,633,628,680,671,656,613,673,714,728,607,661,616,742,641,717,578,619,559,604,572,635,633,651,586,674,661,641,602",39,"down,right,right,up,right,down,left,down,left,left,up,up,right,up,right,down,down,left,up,left,down,right,down,right,right,up,left,up,left,up,right,down,left,down,right,up,up,left,left"
astar,n_puzzle,amit18_d38,amit_depth_38,amit,38,True,38.0,7.6003409219993046,322.9609375,180232,342242,159585,38,0,False,False,False,,,,,False,,,,0,0,0,,,,,,,,,,,38,"right,down,right,up,left,up,right,right,down,down,left,left,up,left,up,up,right,down,left,down,right,right,up,left,up,right,right,down,left,left,left,down,down,right,up,left,up,up"
ilbfs,n_puzzle,amit18_d38,amit_depth_38,amit,38,False,,216.35760814700188,250.52734375,2443227,5000003,60,26,1236538,True,False,False,max_nodes safety valve exceeded,,,,False,,,,0,0,0,,,,,,,,,,,,
rbfs,n_puzzle,amit18_d38,amit_depth_38,amit,38,True,38.0,15.475868654997612,553.69921875,267506,499129,3,38,0,False,False,False,,,,,False,,,,0,0,0,,,,,,,,,,,38,"up,up,right,right,down,left,left,down,right,down,right,up,up,left,left,down,right,right,up,right,down,left,up,up,right,down,down,down,left,left,left,up,right,down,left,up,up,up"
mp-rbfs-best_first,n_puzzle,amit18_d38,amit_depth_38,amit,38,True,38.0,9.475243588996818,503.21875,180964,342862,159667,38,2229,False,False,False,,,,,False,50,49,best_first,160352,50,180914,47,47,0,46562,3692.122448979592,908,8184.022599025527,3,18854,"17563,25960,14953,18854,337,288,46562,617,1463,747,338,0,291,572,461,1526,1218,162,719,787,0,673,187,454,742,978,666,639,598,1529,3370,5416,3229,908,2888,1248,1553,228,1822,1018,1001,198,1076,775,650,5779,3703,3674,2494",38,"right,down,right,up,left,up,right,right,down,down,left,left,up,left,up,up,right,down,left,down,right,right,up,left,up,right,right,down,left,left,left,down,down,right,up,left,up,up"
mp-rbfs-round_robin,n_puzzle,amit18_d38,amit_depth_38,amit,38,True,40.0,10.875096739000583,440.375,207999,397084,183868,42,5215,False,False,False,,,,,False,50,49,round_robin,207950,50,207949,49,49,4243,4244,4243.857142857143,4244,0.3535533905932738,42,4243,"4244,4244,4244,4244,4244,4244,4244,4244,4244,4244,4244,4244,4244,4244,4244,4244,4244,4244,4244,4244,4244,4244,4244,4244,4244,4244,4244,4244,4244,4244,4244,4244,4244,4244,4244,4244,4244,4244,4244,4244,4244,4244,4243,4243,4243,4243,4243,4243,4243",40,"right,up,left,up,right,right,down,down,down,left,up,up,left,down,down,right,right,up,up,left,down,down,right,up,up,right,down,left,up,up,right,down,down,down,left,left,up,left,up,up"
mp-rbfs-proportional,n_puzzle,amit18_d38,amit_depth_38,amit,38,True,40.0,10.832559645998117,408.5703125,201526,384660,178096,40,5036,False,False,False,,,,,False,50,49,proportional,197348,50,201476,48,49,7,4833,4111.755102040816,4145,657.6170532882418,42,4210,"4743,4825,4727,4723,3979,3852,4833,4068,4365,4041,3915,7,3781,4076,4084,4194,4204,3939,4074,4240,3665,4041,3826,3950,4065,4118,4020,3935,4269,4345,4365,4414,4354,4145,4334,4188,4272,4011,4242,4176,4141,3860,4210,4038,4026,4578,4487,4479,4252",40,"right,up,left,up,right,right,down,down,down,left,up,up,left,down,down,right,right,up,up,left,down,down,right,up,up,right,down,left,up,up,right,down,down,down,left,left,up,left,up,up"
astar,n_puzzle,amit19_d39,amit_depth_39,amit,39,True,39.0,3.4612460370044573,376.56640625,81213,153127,70055,39,0,False,False,False,,,,,False,,,,0,0,0,,,,,,,,,,,39,"right,right,down,left,up,left,left,down,right,down,left,up,right,right,down,down,right,up,left,left,up,left,down,right,up,up,right,down,right,down,left,down,right,up,up,up,left,left,left"
ilbfs,n_puzzle,amit19_d39,amit_depth_39,amit,39,False,,223.0535066490047,376.56640625,2486646,5000002,62,27,1283145,True,False,False,max_nodes safety valve exceeded,,,,False,,,,0,0,0,,,,,,,,,,,,
rbfs,n_puzzle,amit19_d39,amit_depth_39,amit,39,True,39.0,5.432432231005805,376.56640625,98917,181795,3,39,0,False,False,False,,,,,False,,,,0,0,0,,,,,,,,,,,39,"right,right,down,left,up,left,left,down,right,down,left,up,right,right,down,down,right,up,left,left,up,left,down,right,up,up,right,down,right,down,left,down,right,up,up,up,left,left,left"
mp-rbfs-best_first,n_puzzle,amit19_d39,amit_depth_39,amit,39,True,39.0,4.154761796999082,323.48828125,81765,153888,70290,39,1831,False,False,False,,,,,False,50,49,best_first,79934,47,81718,45,47,0,11606,1667.7142857142858,676,2571.0008265265105,15,9579,"46,2093,807,676,718,2073,975,1585,2892,2150,1696,2562,3350,1661,3293,9579,60,3213,1758,2759,133,3343,808,35,5783,9540,1656,176,2350,275,244,164,154,29,162,9,131,197,1,0,45,293,134,206,129,168,11606,0,1",39,"right,right,down,left,up,left,left,down,right,down,left,up,right,right,down,down,right,up,left,left,up,left,down,right,up,up,right,down,right,down,left,down,right,up,up,up,left,left,left"
mp-rbfs-round_robin,n_puzzle,amit19_d39,amit_depth_39,amit,39,True,45.0,4.599862547001976,304.97265625,92501,176929,81150,45,3276,False,False,False,,,,,False,50,49,round_robin,92455,47,92454,49,49,1886,1887,1886.8163265306123,1887,0.3912303982179758,40,1886,"1887,1887,1887,1887,1887,1887,1887,1887,1887,1887,1887,1887,1887,1887,1887,1887,1887,1887,1887,1887,1887,1887,1887,1887,1887,1887,1887,1887,1887,1887,1887,1887,1887,1887,1887,1887,1887,1887,1887,1887,1886,1886,1886,1886,1886,1886,1886,1886,1886",45,"left,down,right,right,down,down,right,up,left,up,left,up,right,right,down,left,up,left,down,down,left,up,right,right,down,left,up,left,down,right,up,up,right,down,right,down,left,down,right,up,up,up,left,left,left"
mp-rbfs-proportional,n_puzzle,amit19_d39,amit_depth_39,amit,39,True,45.0,3.5565772209956776,304.97265625,69763,133705,61299,45,2641,False,False,False,,,,,False,50,49,proportional,68306,47,69716,49,49,1141,1637,1422.7755102040817,1411,120.8832538212873,40,1258,"1313,1519,1535,1441,1416,1521,1501,1454,1547,1534,1509,1564,1563,1497,1533,1637,1357,1496,1552,1508,1285,1551,1400,1255,1548,1597,1543,1391,1534,1347,1347,1351,1307,1253,1282,1285,1358,1338,1141,1370,1258,1383,1393,1364,1326,1411,1611,1308,1182",45,"left,down,right,right,down,down,right,up,left,up,left,up,right,right,down,left,up,left,down,down,left,up,right,right,down,left,up,left,down,right,up,up,right,down,right,down,left,down,right,up,up,up,left,left,left"
astar,n_puzzle,amit20_d40,amit_depth_40,amit,40,True,40.0,2.3464985250029713,304.9765625,54826,105515,50186,40,0,False,False,False,,,,,False,,,,0,0,0,,,,,,,,,,,40,"down,down,right,down,right,up,right,up,left,left,down,left,down,right,right,up,right,down,left,up,left,left,up,up,right,down,down,right,up,left,up,right,down,right,up,left,down,left,left,up"
ilbfs,n_puzzle,amit20_d40,amit_depth_40,amit,40,False,,215.62390172199957,304.9765625,2483897,5000001,72,31,1050015,True,False,False,max_nodes safety valve exceeded,,,,False,,,,0,0,0,,,,,,,,,,,,
rbfs,n_puzzle,amit20_d40,amit_depth_40,amit,40,True,40.0,7.475705281998671,380.234375,131035,245968,3,40,0,False,False,False,,,,,False,,,,0,0,0,,,,,,,,,,,40,"right,down,down,down,left,up,right,down,right,up,right,up,left,left,down,left,down,right,right,up,up,left,up,right,down,left,down,right,right,down,left,up,up,right,up,left,down,left,left,up"
mp-rbfs-best_first,n_puzzle,amit20_d40,amit_depth_40,amit,40,True,40.0,3.785479967002175,360.6171875,73007,139988,66298,40,682,False,False,False,,,,,False,50,51,best_first,69589,49,72958,49,49,0,8050,1430.549019607843,1184,1505.441069105337,38,8050,"452,1528,415,341,1622,1206,294,949,593,1253,3025,1308,2311,1873,1184,3323,2657,1528,778,142,4132,1239,1379,1040,378,688,139,1582,2022,1367,1229,391,2883,2901,4442,4692,2319,1663,8050,180,173,0,475,325,963,79,0,312,165,459,509",40,"down,down,right,down,right,up,right,up,left,left,down,left,down,right,right,up,right,down,left,up,left,left,up,up,right,down,down,right,up,left,up,right,down,right,up,left,down,left,left,up"
mp-rbfs-round_robin,n_puzzle,amit20_d40,amit_depth_40,amit,40,True,44.0,4.589731578998908,313.046875,91797,176125,82690,44,1637,False,False,False,,,,,False,50,51,round_robin,91749,49,91748,51,51,1798,1799,1798.9803921568628,1799,0.14002800840280097,50,1798,"1799,1799,1799,1799,1799,1799,1799,1799,1799,1799,1799,1799,1799,1799,1799,1799,1799,1799,1799,1799,1799,1799,1799,1799,1799,1799,1799,1799,1799,1799,1799,1799,1799,1799,1799,1799,1799,1799,1799,1799,1799,1799,1799,1799,1799,1799,1799,1799,1799,1799,1798",44,"right,right,down,left,down,down,right,up,left,up,right,down,right,up,left,left,left,down,down,right,right,up,right,down,left,up,left,left,up,right,down,right,up,left,left,up,right,right,down,right,up,left,left,left"
mp-rbfs-proportional,n_puzzle,amit20_d40,amit_depth_40,amit,40,True,44.0,4.808799739999813,312.0703125,92418,177254,83251,44,1584,False,False,False,,,,,False,50,51,proportional,90615,49,92369,51,51,1583,2031,1811.1568627450981,1822,108.04061690846079,50,1729,"1725,1861,1822,1758,1832,1906,1729,1825,1735,1862,1977,1907,1896,1888,1871,1913,1963,1937,1711,1716,1910,1816,1818,1822,1678,1808,1595,1839,1927,1915,1844,1726,1910,1900,1921,1973,1870,1867,2031,1649,1703,1598,1743,1734,1816,1644,1583,1734,1695,1737,1729",44,"right,right,down,left,down,down,right,up,left,up,right,down,right,up,left,left,left,down,down,right,right,up,right,down,left,up,left,left,up,right,down,right,up,left,left,up,right,right,down,right,up,left,left,left"
